ride_id,vehicle_type,distance_km,city,timestamp
R00001,diesel_car,7.72,Bangalore,2024-01-12 18:23:00
R00002,bus,5.48,Bangalore,2024-03-19 13:58:00
R00003,diesel_car,21.25,Chennai,2024-09-16 01:44:00
R00004,electric_bike,21.92,Pune,2024-02-17 14:34:00
R00005,electric_bike,10.61,Mumbai,2024-12-22 00:04:00
R00006,electric_bike,20.34,Delhi,2024-09-16 19:29:00
R00007,diesel_car,18.21,Pune,2024-08-24 05:59:00
R00008,electric_bike,18.84,Mumbai,2024-11-06 09:00:00
R00009,bus,12.42,Mumbai,2024-11-22 04:36:00
R00010,electric_bike,9.95,Chennai,2024-02-05 22:45:00
R00011,electric_bike,14.93,Chennai,2024-11-17 20:57:00
R00012,diesel_car,25.88,Delhi,2024-02-29 05:30:00
R00013,bus,5.62,Pune,2024-06-13 03:34:00
R00014,electric_bike,18.96,Pune,2024-05-18 21:44:00
R00015,diesel_car,11.38,Bangalore,2024-11-13 12:51:00
R00016,electric_bike,27.71,Mumbai,2024-05-13 07:59:00
R00017,bus,16.65,Bangalore,2024-08-01 05:12:00
R00018,bus,22.65,Chennai,2024-02-19 13:09:00
R00019,bus,12.34,Pune,2024-11-05 14:11:00
R00020,bus,10.97,Delhi,2024-06-09 05:14:00
R00021,electric_bike,21.61,Pune,2024-03-18 08:06:00
R00022,diesel_car,24.39,Chennai,2024-07-28 18:55:00
R00023,diesel_car,11.82,Chennai,2024-11-02 09:08:00
R00024,bus,18.22,Mumbai,2024-09-18 20:43:00
R00025,diesel_car,23.79,Chennai,2024-11-26 18:38:00
R00026,petrol_car,29.19,Pune,2024-11-08 18:10:00
R00027,bus,28.31,Chennai,2024-01-21 10:11:00
R00028,electric_bike,26.47,Chennai,2024-09-23 00:52:00
R00029,diesel_car,26.02,Chennai,2024-08-15 02:15:00
R00030,petrol_car,20.45,Chennai,2024-08-15 05:50:00
R00031,electric_bike,25.36,Mumbai,2024-11-28 19:00:00
R00032,petrol_car,14.48,Bangalore,2024-02-16 14:58:00
R00033,petrol_car,19.4,Pune,2024-01-16 04:25:00
R00034,electric_bike,18.82,Delhi,2024-03-03 13:20:00
R00035,diesel_car,20.24,Mumbai,2024-09-23 00:13:00
R00036,electric_bike,16.81,Mumbai,2024-09-21 20:15:00
R00037,bus,21.43,Pune,2024-04-13 05:08:00
R00038,petrol_car,13.92,Chennai,2024-05-24 07:39:00
R00039,bus,14.75,Pune,2024-06-11 19:07:00
R00040,electric_bike,7.89,Bangalore,2024-07-14 18:19:00
R00041,diesel_car,18.36,Bangalore,2024-02-15 16:35:00
R00042,electric_bike,21.3,Pune,2024-04-25 00:17:00
R00043,petrol_car,28.77,Bangalore,2024-07-26 20:09:00
R00044,bus,13.57,Bangalore,2024-04-25 04:16:00
R00045,diesel_car,19.31,Mumbai,2024-02-16 12:09:00
R00046,diesel_car,20.62,Pune,2024-02-01 00:21:00
R00047,bus,10.16,Chennai,2024-10-18 10:37:00
R00048,petrol_car,6.49,Delhi,2024-12-08 20:41:00
R00049,bus,17.93,Bangalore,2024-04-18 14:34:00
R00050,bus,9.08,Pune,2024-06-06 11:40:00
R00051,electric_bike,28.17,Pune,2024-11-07 22:48:00
R00052,electric_bike,22.76,Mumbai,2024-01-18 22:51:00
R00053,petrol_car,26.26,Delhi,2024-03-17 18:28:00
R00054,bus,27.72,Mumbai,2024-09-26 22:58:00
R00055,bus,29.44,Pune,2024-12-03 21:39:00
R00056,electric_bike,7.14,Chennai,2024-06-11 14:03:00
R00057,bus,16.87,Pune,2024-12-04 14:13:00
R00058,petrol_car,17.75,Pune,2024-09-11 00:33:00
R00059,diesel_car,15.76,Pune,2024-07-18 00:44:00
R00060,petrol_car,11.55,Chennai,2024-06-26 13:25:00
R00061,bus,14.27,Delhi,2024-11-10 22:36:00
R00062,bus,27.71,Pune,2024-11-18 19:47:00
R00063,diesel_car,20.08,Mumbai,2024-06-02 19:16:00
R00064,bus,5.31,Delhi,2024-02-06 13:17:00
R00065,diesel_car,13.26,Delhi,2024-09-04 00:38:00
R00066,petrol_car,21.06,Bangalore,2024-11-29 19:51:00
R00067,diesel_car,25.84,Delhi,2024-07-25 09:19:00
R00068,petrol_car,22.18,Pune,2024-01-28 08:35:00
R00069,electric_bike,5.84,Chennai,2024-03-23 16:37:00
R00070,electric_bike,29.04,Delhi,2024-12-22 04:41:00
R00071,petrol_car,13.93,Pune,2024-04-28 08:37:00
R00072,bus,8.7,Pune,2024-02-02 11:24:00
R00073,petrol_car,5.0,Chennai,2024-07-27 02:28:00
R00074,petrol_car,18.2,Chennai,2024-10-25 18:18:00
R00075,electric_bike,24.99,Chennai,2024-07-31 19:06:00
R00076,petrol_car,5.4,Delhi,2024-01-14 08:06:00
R00077,petrol_car,19.72,Mumbai,2024-06-02 11:27:00
R00078,diesel_car,15.81,Mumbai,2024-04-27 10:00:00
R00079,petrol_car,18.5,Mumbai,2024-07-24 05:13:00
R00080,electric_bike,23.08,Delhi,2024-04-14 22:01:00
R00081,petrol_car,8.33,Chennai,2024-06-18 20:27:00
R00082,electric_bike,13.73,Delhi,2024-06-03 23:25:00
R00083,petrol_car,7.33,Bangalore,2024-12-10 15:45:00
R00084,diesel_car,23.82,Bangalore,2024-08-24 16:13:00
R00085,diesel_car,17.6,Mumbai,2024-06-12 17:05:00
R00086,bus,10.7,Chennai,2024-12-30 19:50:00
R00087,diesel_car,19.27,Pune,2024-09-18 09:29:00
R00088,electric_bike,21.93,Bangalore,2024-04-28 13:34:00
R00089,petrol_car,10.42,Delhi,2024-05-16 18:02:00
R00090,petrol_car,21.0,Delhi,2024-08-18 17:22:00
R00091,electric_bike,10.98,Chennai,2024-07-05 15:09:00
R00092,electric_bike,23.14,Bangalore,2024-10-09 00:39:00
R00093,bus,6.06,Pune,2024-03-01 12:08:00
R00094,petrol_car,9.41,Pune,2024-07-24 02:05:00
R00095,petrol_car,11.85,Pune,2024-01-04 19:37:00
R00096,diesel_car,14.21,Mumbai,2024-02-10 08:09:00
R00097,electric_bike,29.16,Delhi,2024-07-09 21:12:00
R00098,petrol_car,18.2,Delhi,2024-05-30 12:20:00
R00099,diesel_car,29.42,Mumbai,2024-04-12 19:54:00
R00100,petrol_car,26.62,Pune,2024-08-14 23:47:00
R00101,petrol_car,28.34,Mumbai,2024-05-05 22:41:00
R00102,electric_bike,13.48,Bangalore,2024-10-21 20:20:00
R00103,bus,18.51,Pune,2024-12-10 10:38:00
R00104,petrol_car,23.17,Pune,2024-10-23 02:04:00
R00105,bus,14.63,Pune,2024-05-29 17:14:00
R00106,bus,20.28,Mumbai,2024-12-14 18:29:00
R00107,bus,11.3,Bangalore,2024-11-30 14:46:00
R00108,petrol_car,27.28,Chennai,2024-01-29 22:36:00
R00109,petrol_car,18.56,Chennai,2024-08-28 04:56:00
R00110,diesel_car,19.97,Mumbai,2024-10-28 23:07:00
R00111,diesel_car,10.85,Mumbai,2024-11-02 03:59:00
R00112,petrol_car,25.92,Chennai,2024-04-08 09:50:00
R00113,bus,8.48,Pune,2024-03-23 02:51:00
R00114,petrol_car,11.54,Bangalore,2024-08-16 20:50:00
R00115,electric_bike,17.08,Pune,2024-09-29 10:02:00
R00116,bus,29.6,Chennai,2024-03-21 12:30:00
R00117,diesel_car,9.27,Chennai,2024-06-07 03:38:00
R00118,diesel_car,28.33,Bangalore,2024-06-20 22:39:00
R00119,diesel_car,15.5,Bangalore,2024-07-21 10:27:00
R00120,bus,11.39,Pune,2024-06-03 01:24:00
R00121,bus,18.63,Chennai,2024-02-05 11:18:00
R00122,petrol_car,12.17,Mumbai,2024-01-27 22:47:00
R00123,diesel_car,6.02,Mumbai,2024-03-10 17:04:00
R00124,bus,28.13,Pune,2024-08-20 06:19:00
R00125,bus,29.92,Bangalore,2024-03-01 21:35:00
R00126,petrol_car,10.01,Delhi,2024-05-04 10:45:00
R00127,electric_bike,25.45,Pune,2024-08-28 12:21:00
R00128,diesel_car,10.82,Delhi,2024-06-07 18:18:00
R00129,bus,9.59,Pune,2024-03-10 17:30:00
R00130,electric_bike,6.44,Mumbai,2024-07-29 18:43:00
R00131,diesel_car,26.09,Pune,2024-03-18 07:43:00
R00132,petrol_car,16.64,Delhi,2024-07-23 00:56:00
R00133,diesel_car,12.04,Delhi,2024-06-25 20:46:00
R00134,bus,19.05,Pune,2024-02-17 03:00:00
R00135,electric_bike,26.35,Bangalore,2024-01-05 02:38:00
R00136,electric_bike,5.23,Mumbai,2024-02-20 16:09:00
R00137,petrol_car,22.65,Delhi,2024-10-12 08:11:00
R00138,diesel_car,21.94,Mumbai,2024-07-18 07:32:00
R00139,bus,24.58,Bangalore,2024-09-06 16:12:00
R00140,diesel_car,16.84,Mumbai,2024-07-09 09:41:00
R00141,petrol_car,13.47,Pune,2024-03-30 03:45:00
R00142,bus,19.63,Chennai,2024-11-27 11:42:00
R00143,bus,28.66,Chennai,2024-06-05 08:31:00
R00144,petrol_car,23.36,Delhi,2024-09-20 10:43:00
R00145,diesel_car,22.27,Bangalore,2024-08-19 14:29:00
R00146,electric_bike,21.36,Bangalore,2024-07-20 16:14:00
R00147,bus,8.5,Mumbai,2024-03-03 15:29:00
R00148,bus,20.63,Bangalore,2024-12-08 19:59:00
R00149,bus,17.8,Bangalore,2024-11-21 04:23:00
R00150,electric_bike,27.26,Delhi,2024-07-25 23:48:00
R00151,diesel_car,7.07,Bangalore,2024-01-27 01:32:00
R00152,electric_bike,18.86,Mumbai,2024-09-14 04:28:00
R00153,petrol_car,15.59,Mumbai,2024-02-19 05:17:00
R00154,bus,10.04,Chennai,2024-09-24 00:37:00
R00155,diesel_car,27.8,Pune,2024-06-05 23:51:00
R00156,petrol_car,26.95,Bangalore,2024-06-15 20:04:00
R00157,bus,19.01,Bangalore,2024-09-08 15:18:00
R00158,diesel_car,11.42,Delhi,2024-01-01 17:30:00
R00159,electric_bike,5.81,Mumbai,2024-11-26 11:04:00
R00160,bus,10.04,Chennai,2024-09-27 09:52:00
R00161,bus,5.25,Bangalore,2024-01-11 03:39:00
R00162,diesel_car,10.47,Mumbai,2024-08-04 19:33:00
R00163,diesel_car,20.7,Pune,2024-11-29 02:07:00
R00164,electric_bike,11.5,Chennai,2024-04-10 18:12:00
R00165,petrol_car,21.81,Chennai,2024-08-02 16:23:00
R00166,diesel_car,5.88,Bangalore,2024-05-09 19:23:00
R00167,petrol_car,5.62,Chennai,2024-02-17 08:18:00
R00168,bus,15.89,Delhi,2024-11-20 03:12:00
R00169,petrol_car,7.9,Mumbai,2024-06-15 07:19:00
R00170,diesel_car,18.12,Mumbai,2024-09-11 18:00:00
R00171,petrol_car,20.47,Mumbai,2024-06-01 10:57:00
R00172,bus,11.96,Pune,2024-12-05 11:12:00
R00173,diesel_car,5.36,Mumbai,2024-04-01 10:24:00
R00174,bus,16.28,Pune,2024-07-05 08:25:00
R00175,electric_bike,5.55,Mumbai,2024-01-22 14:21:00
R00176,bus,18.67,Mumbai,2024-02-18 02:25:00
R00177,electric_bike,9.78,Chennai,2024-02-23 11:07:00
R00178,electric_bike,6.99,Pune,2024-09-26 23:15:00
R00179,bus,11.18,Bangalore,2024-08-31 11:15:00
R00180,bus,14.52,Delhi,2024-06-10 23:50:00
R00181,diesel_car,23.82,Chennai,2024-05-12 16:35:00
R00182,electric_bike,6.46,Delhi,2024-09-06 16:54:00
R00183,bus,18.34,Pune,2024-12-23 09:23:00
R00184,bus,24.62,Bangalore,2024-08-27 10:07:00
R00185,diesel_car,25.34,Chennai,2024-10-16 23:17:00
R00186,petrol_car,29.39,Pune,2024-08-09 00:06:00
R00187,petrol_car,10.56,Chennai,2024-08-29 21:14:00
R00188,electric_bike,10.67,Mumbai,2024-01-29 13:39:00
R00189,diesel_car,23.48,Pune,2024-02-09 17:00:00
R00190,electric_bike,9.24,Pune,2024-10-07 01:25:00
R00191,electric_bike,22.48,Pune,2024-03-17 22:27:00
R00192,bus,9.29,Bangalore,2024-06-18 08:36:00
R00193,electric_bike,25.4,Bangalore,2024-11-28 12:41:00
R00194,diesel_car,12.24,Chennai,2024-05-30 18:31:00
R00195,bus,27.46,Chennai,2024-04-27 08:45:00
R00196,bus,13.1,Pune,2024-05-15 00:45:00
R00197,electric_bike,8.04,Mumbai,2024-05-01 04:06:00
R00198,electric_bike,27.92,Pune,2024-06-07 05:04:00
R00199,diesel_car,12.44,Mumbai,2024-05-26 00:39:00
R00200,petrol_car,24.31,Bangalore,2024-12-15 09:18:00
R00201,bus,22.89,Chennai,2024-03-03 03:25:00
R00202,electric_bike,19.33,Chennai,2024-11-19 21:23:00
R00203,diesel_car,20.18,Mumbai,2024-07-23 09:38:00
R00204,petrol_car,16.52,Mumbai,2024-05-13 16:51:00
R00205,electric_bike,28.74,Delhi,2024-06-18 11:09:00
R00206,petrol_car,9.89,Chennai,2024-06-07 15:25:00
R00207,diesel_car,24.76,Mumbai,2024-11-11 13:34:00
R00208,electric_bike,6.2,Chennai,2024-07-19 02:36:00
R00209,petrol_car,18.13,Bangalore,2024-08-03 15:32:00
R00210,electric_bike,26.94,Delhi,2024-09-25 19:13:00
R00211,diesel_car,27.27,Chennai,2024-11-27 08:54:00
R00212,electric_bike,13.38,Chennai,2024-11-14 21:07:00
R00213,electric_bike,21.54,Delhi,2024-08-26 12:33:00
R00214,electric_bike,29.39,Mumbai,2024-10-14 00:07:00
R00215,petrol_car,14.41,Pune,2024-11-04 03:23:00
R00216,petrol_car,28.02,Mumbai,2024-02-08 00:58:00
R00217,petrol_car,10.98,Bangalore,2024-10-12 15:45:00
R00218,bus,28.29,Delhi,2024-03-27 20:31:00
R00219,diesel_car,16.12,Delhi,2024-05-13 12:13:00
R00220,diesel_car,17.92,Mumbai,2024-11-18 15:46:00
R00221,bus,18.47,Bangalore,2024-08-07 22:24:00
R00222,petrol_car,20.57,Mumbai,2024-05-19 17:51:00
R00223,electric_bike,17.71,Mumbai,2024-07-28 13:39:00
R00224,electric_bike,27.5,Mumbai,2024-02-09 04:56:00
R00225,petrol_car,20.57,Pune,2024-08-21 13:16:00
R00226,petrol_car,19.26,Pune,2024-03-19 21:06:00
R00227,petrol_car,9.69,Delhi,2024-09-14 12:30:00
R00228,bus,12.1,Mumbai,2024-10-04 13:05:00
R00229,electric_bike,20.66,Bangalore,2024-09-28 21:32:00
R00230,bus,14.2,Chennai,2024-11-27 05:29:00
R00231,petrol_car,21.51,Pune,2024-11-12 11:53:00
R00232,petrol_car,22.81,Delhi,2024-10-06 08:22:00
R00233,bus,9.89,Chennai,2024-01-21 19:40:00
R00234,electric_bike,10.41,Chennai,2024-05-24 23:55:00
R00235,electric_bike,22.51,Delhi,2024-06-22 02:00:00
R00236,petrol_car,16.26,Mumbai,2024-09-01 22:31:00
R00237,petrol_car,11.06,Mumbai,2024-06-02 19:58:00
R00238,bus,21.18,Bangalore,2024-10-13 14:06:00
R00239,bus,10.86,Delhi,2024-10-09 19:57:00
R00240,electric_bike,9.43,Bangalore,2024-12-10 00:28:00
R00241,electric_bike,21.85,Pune,2024-11-17 10:40:00
R00242,electric_bike,6.86,Chennai,2024-12-29 10:49:00
R00243,diesel_car,26.31,Pune,2024-01-29 00:20:00
R00244,diesel_car,7.85,Delhi,2024-05-16 12:29:00
R00245,bus,27.98,Bangalore,2024-06-05 11:24:00
R00246,petrol_car,23.09,Delhi,2024-03-18 23:31:00
R00247,petrol_car,16.35,Pune,2024-05-19 21:19:00
R00248,electric_bike,11.01,Delhi,2024-04-03 13:24:00
R00249,diesel_car,11.03,Chennai,2024-11-25 05:32:00
R00250,bus,13.66,Delhi,2024-08-23 08:01:00
R00251,bus,23.75,Pune,2024-03-21 15:23:00
R00252,diesel_car,20.96,Bangalore,2024-03-19 18:58:00
R00253,electric_bike,10.13,Chennai,2024-12-01 17:01:00
R00254,petrol_car,16.29,Chennai,2024-09-06 08:52:00
R00255,diesel_car,11.78,Bangalore,2024-12-24 16:38:00
R00256,petrol_car,12.34,Mumbai,2024-11-05 13:16:00
R00257,diesel_car,5.12,Bangalore,2024-11-19 01:19:00
R00258,electric_bike,16.41,Bangalore,2024-12-30 11:23:00
R00259,bus,20.76,Delhi,2024-09-27 22:20:00
R00260,diesel_car,9.76,Delhi,2024-01-31 00:27:00
R00261,bus,7.31,Mumbai,2024-06-17 16:12:00
R00262,electric_bike,21.27,Bangalore,2024-04-04 14:15:00
R00263,petrol_car,17.24,Pune,2024-11-02 04:33:00
R00264,petrol_car,18.97,Delhi,2024-06-03 00:54:00
R00265,diesel_car,15.95,Mumbai,2024-02-19 20:08:00
R00266,diesel_car,24.1,Mumbai,2024-01-06 08:35:00
R00267,bus,25.06,Chennai,2024-04-16 16:26:00
R00268,petrol_car,18.85,Chennai,2024-06-10 05:50:00
R00269,petrol_car,21.97,Mumbai,2024-11-14 12:24:00
R00270,electric_bike,24.68,Pune,2024-11-13 04:00:00
R00271,electric_bike,19.68,Pune,2024-05-07 02:37:00
R00272,diesel_car,13.0,Delhi,2024-07-10 04:57:00
R00273,bus,9.59,Mumbai,2024-12-01 00:11:00
R00274,petrol_car,25.78,Delhi,2024-03-01 12:06:00
R00275,diesel_car,19.33,Chennai,2024-05-29 06:05:00
R00276,electric_bike,18.38,Mumbai,2024-08-02 00:26:00
R00277,electric_bike,10.5,Pune,2024-02-25 07:02:00
R00278,diesel_car,10.2,Pune,2024-03-21 08:36:00
R00279,diesel_car,19.42,Pune,2024-11-23 17:56:00
R00280,diesel_car,16.65,Chennai,2024-12-06 01:22:00
R00281,bus,17.05,Bangalore,2024-07-11 20:46:00
R00282,electric_bike,28.63,Mumbai,2024-03-15 02:37:00
R00283,electric_bike,11.2,Delhi,2024-09-14 04:08:00
R00284,bus,11.54,Delhi,2024-09-07 03:07:00
R00285,electric_bike,16.39,Delhi,2024-12-06 21:29:00
R00286,electric_bike,29.17,Bangalore,2024-12-04 11:18:00
R00287,diesel_car,20.45,Bangalore,2024-05-14 05:17:00
R00288,electric_bike,24.91,Delhi,2024-04-01 16:30:00
R00289,diesel_car,23.5,Mumbai,2024-12-22 06:14:00
R00290,bus,9.92,Delhi,2024-12-27 21:08:00
R00291,electric_bike,21.05,Chennai,2024-06-21 18:52:00
R00292,petrol_car,24.24,Delhi,2024-03-12 07:00:00
R00293,electric_bike,17.38,Chennai,2024-01-24 14:37:00
R00294,bus,11.03,Chennai,2024-11-26 14:12:00
R00295,bus,14.01,Mumbai,2024-07-19 20:26:00
R00296,electric_bike,8.12,Chennai,2024-02-16 14:28:00
R00297,bus,5.81,Pune,2024-03-26 14:59:00
R00298,petrol_car,25.54,Delhi,2024-07-12 07:50:00
R00299,petrol_car,6.91,Chennai,2024-05-11 09:29:00
R00300,bus,12.57,Chennai,2024-04-04 10:20:00
R00301,electric_bike,26.7,Mumbai,2024-01-13 12:33:00
R00302,petrol_car,9.4,Delhi,2024-01-26 16:23:00
R00303,bus,9.09,Mumbai,2024-09-11 03:37:00
R00304,bus,5.21,Pune,2024-06-30 06:24:00
R00305,diesel_car,8.28,Delhi,2024-01-14 04:04:00
R00306,bus,27.18,Pune,2024-02-23 17:37:00
R00307,bus,17.76,Chennai,2024-01-02 01:07:00
R00308,bus,6.27,Mumbai,2024-06-21 22:03:00
R00309,bus,13.25,Bangalore,2024-06-17 05:41:00
R00310,electric_bike,29.66,Pune,2024-01-13 11:34:00
R00311,diesel_car,25.09,Delhi,2024-01-03 18:40:00
R00312,petrol_car,7.75,Pune,2024-06-10 11:33:00
R00313,diesel_car,7.16,Chennai,2024-06-12 19:56:00
R00314,bus,19.45,Mumbai,2024-03-25 10:46:00
R00315,petrol_car,25.87,Pune,2024-04-12 07:05:00
R00316,bus,25.64,Chennai,2024-12-05 22:23:00
R00317,petrol_car,11.27,Bangalore,2024-02-01 02:26:00
R00318,diesel_car,24.41,Chennai,2024-01-26 17:56:00
R00319,electric_bike,15.1,Pune,2024-09-25 05:47:00
R00320,electric_bike,11.12,Pune,2024-03-08 23:12:00
R00321,electric_bike,11.88,Delhi,2024-11-29 16:46:00
R00322,bus,11.21,Delhi,2024-05-23 17:57:00
R00323,petrol_car,15.47,Delhi,2024-01-20 22:23:00
R00324,diesel_car,23.51,Mumbai,2024-12-21 00:51:00
R00325,electric_bike,16.48,Delhi,2024-07-20 23:27:00
R00326,electric_bike,22.77,Pune,2024-04-12 00:15:00
R00327,electric_bike,11.03,Chennai,2024-03-04 04:10:00
R00328,petrol_car,18.59,Delhi,2024-04-09 22:16:00
R00329,electric_bike,13.26,Delhi,2024-11-12 07:25:00
R00330,electric_bike,28.73,Bangalore,2024-11-22 17:47:00
R00331,diesel_car,27.45,Delhi,2024-07-10 12:46:00
R00332,diesel_car,6.77,Mumbai,2024-06-14 14:06:00
R00333,bus,5.56,Bangalore,2024-02-13 22:26:00
R00334,bus,17.07,Bangalore,2024-08-12 11:32:00
R00335,petrol_car,29.24,Bangalore,2024-02-18 07:43:00
R00336,bus,24.37,Pune,2024-11-08 01:00:00
R00337,bus,25.48,Delhi,2024-04-20 07:56:00
R00338,electric_bike,5.97,Mumbai,2024-06-11 08:55:00
R00339,bus,25.24,Mumbai,2024-04-23 08:18:00
R00340,petrol_car,10.21,Chennai,2024-04-17 14:57:00
R00341,bus,28.89,Delhi,2024-07-24 05:36:00
R00342,diesel_car,13.9,Chennai,2024-03-31 15:08:00
R00343,diesel_car,29.25,Bangalore,2024-07-22 17:45:00
R00344,petrol_car,29.95,Mumbai,2024-08-06 20:47:00
R00345,electric_bike,7.53,Pune,2024-11-03 16:09:00
R00346,diesel_car,28.01,Bangalore,2024-10-26 16:39:00
R00347,petrol_car,13.06,Bangalore,2024-05-19 05:34:00
R00348,bus,14.42,Bangalore,2024-09-30 01:11:00
R00349,electric_bike,15.5,Chennai,2024-07-02 02:57:00
R00350,petrol_car,19.92,Delhi,2024-04-15 15:10:00
R00351,diesel_car,12.08,Chennai,2024-02-25 04:18:00
R00352,bus,19.33,Delhi,2024-10-12 16:48:00
R00353,petrol_car,20.18,Mumbai,2024-03-10 14:33:00
R00354,electric_bike,20.66,Pune,2024-02-01 18:54:00
R00355,diesel_car,7.53,Bangalore,2024-12-23 18:05:00
R00356,bus,10.97,Bangalore,2024-12-11 14:12:00
R00357,diesel_car,24.45,Bangalore,2024-11-18 17:50:00
R00358,electric_bike,29.98,Mumbai,2024-06-07 15:54:00
R00359,diesel_car,27.85,Bangalore,2024-06-08 17:15:00
R00360,petrol_car,15.75,Bangalore,2024-03-06 18:11:00
R00361,electric_bike,18.41,Chennai,2024-06-27 21:49:00
R00362,petrol_car,12.24,Chennai,2024-09-20 01:50:00
R00363,electric_bike,11.51,Chennai,2024-09-05 11:02:00
R00364,electric_bike,9.12,Mumbai,2024-02-04 13:51:00
R00365,bus,19.19,Pune,2024-05-26 23:20:00
R00366,bus,28.08,Mumbai,2024-05-26 20:06:00
R00367,petrol_car,29.1,Chennai,2024-01-18 00:23:00
R00368,electric_bike,5.19,Mumbai,2024-02-21 21:36:00
R00369,diesel_car,13.93,Bangalore,2024-05-01 18:13:00
R00370,electric_bike,26.93,Pune,2024-11-09 05:54:00
R00371,petrol_car,6.35,Delhi,2024-01-29 16:17:00
R00372,bus,23.7,Bangalore,2024-04-12 17:36:00
R00373,bus,28.94,Pune,2024-06-11 05:14:00
R00374,diesel_car,5.05,Chennai,2024-08-06 17:05:00
R00375,electric_bike,5.12,Chennai,2024-04-25 15:47:00
R00376,diesel_car,21.25,Bangalore,2024-12-30 18:52:00
R00377,bus,13.75,Chennai,2024-04-25 19:47:00
R00378,petrol_car,17.95,Delhi,2024-11-24 06:13:00
R00379,electric_bike,7.46,Chennai,2024-10-18 20:07:00
R00380,petrol_car,28.31,Bangalore,2024-06-08 21:27:00
R00381,diesel_car,19.51,Chennai,2024-02-09 08:41:00
R00382,diesel_car,17.47,Mumbai,2024-08-25 19:07:00
R00383,diesel_car,5.32,Pune,2024-10-27 14:16:00
R00384,diesel_car,5.34,Chennai,2024-07-18 10:41:00
R00385,petrol_car,20.55,Mumbai,2024-06-10 16:55:00
R00386,diesel_car,16.38,Delhi,2024-06-09 18:07:00
R00387,diesel_car,14.81,Chennai,2024-10-02 14:37:00
R00388,bus,21.87,Bangalore,2024-06-21 12:38:00
R00389,electric_bike,7.54,Mumbai,2024-06-20 05:27:00
R00390,diesel_car,7.34,Mumbai,2024-03-02 02:24:00
R00391,diesel_car,15.89,Delhi,2024-06-30 02:59:00
R00392,bus,22.0,Delhi,2024-07-27 11:25:00
R00393,petrol_car,13.97,Mumbai,2024-06-14 22:53:00
R00394,electric_bike,16.96,Chennai,2024-03-01 07:54:00
R00395,petrol_car,13.89,Bangalore,2024-01-30 13:11:00
R00396,diesel_car,23.02,Bangalore,2024-08-19 05:27:00
R00397,petrol_car,19.79,Chennai,2024-12-02 01:09:00
R00398,electric_bike,20.4,Bangalore,2024-04-11 02:53:00
R00399,electric_bike,26.93,Mumbai,2024-01-19 15:12:00
R00400,bus,9.3,Delhi,2024-12-28 18:18:00
R00401,electric_bike,11.88,Pune,2024-05-23 14:21:00
R00402,bus,28.07,Delhi,2024-07-19 15:22:00
R00403,petrol_car,21.88,Pune,2024-07-23 06:14:00
R00404,diesel_car,29.62,Mumbai,2024-01-10 02:14:00
R00405,electric_bike,9.75,Chennai,2024-10-28 16:32:00
R00406,petrol_car,8.3,Pune,2024-05-18 17:59:00
R00407,bus,17.87,Mumbai,2024-01-01 19:08:00
R00408,electric_bike,14.92,Mumbai,2024-09-22 18:37:00
R00409,diesel_car,15.17,Pune,2024-03-25 00:26:00
R00410,bus,26.8,Delhi,2024-02-12 02:34:00
R00411,bus,17.13,Delhi,2024-04-14 07:15:00
R00412,bus,8.15,Pune,2024-06-16 18:59:00
R00413,petrol_car,15.29,Chennai,2024-03-11 12:27:00
R00414,electric_bike,6.03,Pune,2024-04-23 07:33:00
R00415,petrol_car,21.84,Delhi,2024-11-06 20:29:00
R00416,diesel_car,25.9,Bangalore,2024-02-02 15:45:00
R00417,diesel_car,19.02,Mumbai,2024-01-13 14:07:00
R00418,diesel_car,23.55,Mumbai,2024-01-01 22:09:00
R00419,bus,22.02,Mumbai,2024-07-19 13:42:00
R00420,diesel_car,7.38,Mumbai,2024-09-04 17:13:00
R00421,petrol_car,12.78,Delhi,2024-05-25 07:39:00
R00422,electric_bike,27.64,Pune,2024-04-01 03:28:00
R00423,petrol_car,20.86,Bangalore,2024-02-02 10:32:00
R00424,bus,5.62,Mumbai,2024-06-21 18:45:00
R00425,bus,27.14,Bangalore,2024-02-29 02:46:00
R00426,bus,7.88,Pune,2024-02-29 02:53:00
R00427,petrol_car,16.24,Pune,2024-06-06 02:48:00
R00428,electric_bike,13.13,Bangalore,2024-08-01 04:12:00
R00429,petrol_car,7.81,Chennai,2024-08-21 07:09:00
R00430,diesel_car,14.71,Pune,2024-02-18 08:28:00
R00431,electric_bike,13.95,Pune,2024-03-12 21:59:00
R00432,bus,15.49,Mumbai,2024-11-12 09:08:00
R00433,bus,10.21,Delhi,2024-06-09 21:46:00
R00434,petrol_car,15.06,Mumbai,2024-02-14 19:06:00
R00435,bus,15.75,Chennai,2024-06-04 22:41:00
R00436,electric_bike,12.28,Bangalore,2024-02-07 09:11:00
R00437,bus,29.29,Chennai,2024-03-10 12:39:00
R00438,diesel_car,6.11,Pune,2024-06-08 18:55:00
R00439,petrol_car,19.33,Chennai,2024-10-20 17:00:00
R00440,petrol_car,8.91,Pune,2024-12-13 04:44:00
R00441,electric_bike,17.47,Chennai,2024-04-25 10:25:00
R00442,petrol_car,10.06,Mumbai,2024-08-08 08:53:00
R00443,bus,26.84,Pune,2024-09-14 16:37:00
R00444,electric_bike,29.78,Chennai,2024-11-04 04:34:00
R00445,petrol_car,11.13,Mumbai,2024-08-03 03:05:00
R00446,diesel_car,10.45,Pune,2024-09-20 14:59:00
R00447,electric_bike,27.89,Mumbai,2024-01-20 16:55:00
R00448,diesel_car,5.39,Delhi,2024-03-16 10:04:00
R00449,diesel_car,25.74,Chennai,2024-01-22 10:18:00
R00450,bus,24.27,Bangalore,2024-03-03 05:28:00
R00451,electric_bike,21.55,Delhi,2024-07-21 12:47:00
R00452,electric_bike,7.28,Pune,2024-10-05 03:35:00
R00453,petrol_car,15.78,Delhi,2024-04-22 03:50:00
R00454,bus,26.55,Pune,2024-05-30 17:20:00
R00455,bus,22.61,Pune,2024-08-05 23:06:00
R00456,electric_bike,20.2,Pune,2024-11-04 01:29:00
R00457,bus,8.05,Pune,2024-02-26 15:21:00
R00458,petrol_car,11.11,Bangalore,2024-05-26 19:08:00
R00459,petrol_car,12.77,Chennai,2024-09-22 13:06:00
R00460,diesel_car,16.24,Bangalore,2024-03-14 18:28:00
R00461,diesel_car,27.53,Mumbai,2024-08-21 20:19:00
R00462,bus,18.4,Pune,2024-04-21 18:34:00
R00463,petrol_car,13.44,Bangalore,2024-05-26 19:16:00
R00464,petrol_car,22.66,Chennai,2024-06-24 18:15:00
R00465,electric_bike,11.39,Bangalore,2024-10-23 10:08:00
R00466,diesel_car,20.91,Bangalore,2024-12-28 07:39:00
R00467,bus,19.26,Mumbai,2024-12-05 13:17:00
R00468,bus,17.16,Pune,2024-06-08 02:01:00
R00469,bus,6.39,Bangalore,2024-07-19 02:39:00
R00470,bus,8.89,Pune,2024-06-18 14:04:00
R00471,bus,26.77,Chennai,2024-03-22 08:34:00
R00472,electric_bike,13.71,Pune,2024-07-01 13:52:00
R00473,bus,14.56,Chennai,2024-07-05 14:53:00
R00474,diesel_car,29.38,Chennai,2024-09-08 15:36:00
R00475,diesel_car,28.01,Bangalore,2024-01-07 21:22:00
R00476,petrol_car,26.01,Chennai,2024-09-28 05:18:00
R00477,electric_bike,13.12,Mumbai,2024-02-19 01:15:00
R00478,electric_bike,13.9,Pune,2024-07-08 02:44:00
R00479,petrol_car,26.98,Mumbai,2024-07-26 20:33:00
R00480,electric_bike,5.34,Pune,2024-06-01 23:31:00
R00481,bus,9.16,Mumbai,2024-07-18 05:07:00
R00482,electric_bike,9.16,Chennai,2024-05-13 17:47:00
R00483,petrol_car,28.78,Chennai,2024-09-25 12:06:00
R00484,bus,10.32,Bangalore,2024-08-05 16:20:00
R00485,bus,22.41,Chennai,2024-08-13 19:52:00
R00486,bus,20.9,Pune,2024-06-29 20:01:00
R00487,petrol_car,22.83,Mumbai,2024-08-05 12:25:00
R00488,petrol_car,16.58,Bangalore,2024-08-05 07:29:00
R00489,bus,8.25,Pune,2024-01-23 04:51:00
R00490,petrol_car,9.58,Chennai,2024-02-10 10:13:00
R00491,petrol_car,19.89,Pune,2024-05-05 16:07:00
R00492,bus,21.53,Bangalore,2024-05-20 01:05:00
R00493,bus,19.56,Chennai,2024-02-13 12:47:00
R00494,electric_bike,27.96,Pune,2024-05-19 04:59:00
R00495,electric_bike,10.24,Pune,2024-07-22 05:13:00
R00496,petrol_car,12.11,Mumbai,2024-06-02 00:06:00
R00497,petrol_car,15.27,Mumbai,2024-02-12 05:52:00
R00498,petrol_car,18.63,Pune,2024-06-10 03:06:00
R00499,bus,26.9,Mumbai,2024-07-01 17:55:00
R00500,bus,14.87,Chennai,2024-04-02 11:56:00
R00501,electric_bike,28.88,Delhi,2024-07-27 04:54:00
R00502,electric_bike,28.62,Bangalore,2024-11-25 11:12:00
R00503,diesel_car,28.09,Delhi,2024-03-07 19:06:00
R00504,electric_bike,25.38,Delhi,2024-03-28 21:33:00
R00505,electric_bike,5.7,Chennai,2024-05-19 08:11:00
R00506,petrol_car,13.68,Bangalore,2024-06-03 07:23:00
R00507,bus,23.13,Pune,2024-02-25 03:09:00
R00508,bus,9.69,Bangalore,2024-05-19 11:20:00
R00509,bus,21.96,Pune,2024-08-03 17:59:00
R00510,electric_bike,6.08,Delhi,2024-07-10 23:20:00
R00511,bus,28.0,Delhi,2024-04-15 03:22:00
R00512,bus,5.85,Pune,2024-01-31 10:21:00
R00513,bus,7.64,Pune,2024-10-20 05:51:00
R00514,petrol_car,17.43,Delhi,2024-03-01 00:06:00
R00515,petrol_car,19.73,Bangalore,2024-04-19 14:32:00
R00516,petrol_car,13.93,Bangalore,2024-04-05 14:39:00
R00517,diesel_car,16.59,Chennai,2024-04-29 18:37:00
R00518,electric_bike,15.27,Pune,2024-04-15 12:48:00
R00519,electric_bike,26.51,Pune,2024-11-29 11:57:00
R00520,electric_bike,27.62,Chennai,2024-03-07 14:05:00
R00521,diesel_car,11.91,Bangalore,2024-01-22 12:32:00
R00522,electric_bike,5.12,Mumbai,2024-12-10 10:22:00
R00523,bus,24.69,Delhi,2024-10-04 05:17:00
R00524,electric_bike,21.0,Mumbai,2024-01-11 10:12:00
R00525,electric_bike,29.95,Bangalore,2024-11-25 11:35:00
R00526,petrol_car,6.91,Bangalore,2024-11-09 12:57:00
R00527,electric_bike,8.42,Bangalore,2024-06-07 15:07:00
R00528,electric_bike,11.2,Mumbai,2024-04-24 02:51:00
R00529,diesel_car,11.65,Chennai,2024-12-17 00:56:00
R00530,petrol_car,27.51,Mumbai,2024-02-23 21:48:00
R00531,bus,13.83,Chennai,2024-06-28 11:35:00
R00532,petrol_car,15.49,Chennai,2024-05-15 23:07:00
R00533,electric_bike,25.13,Delhi,2024-04-01 17:34:00
R00534,petrol_car,22.98,Chennai,2024-12-02 15:05:00
R00535,petrol_car,5.96,Mumbai,2024-05-05 06:43:00
R00536,diesel_car,16.87,Delhi,2024-09-16 11:54:00
R00537,petrol_car,7.61,Delhi,2024-04-26 11:47:00
R00538,bus,22.04,Delhi,2024-07-04 16:28:00
R00539,bus,19.71,Mumbai,2024-08-25 00:32:00
R00540,petrol_car,22.85,Pune,2024-01-03 10:19:00
R00541,bus,17.93,Chennai,2024-11-20 07:58:00
R00542,bus,16.01,Bangalore,2024-02-16 01:48:00
R00543,electric_bike,28.04,Delhi,2024-04-18 13:11:00
R00544,bus,5.21,Mumbai,2024-07-28 08:51:00
R00545,petrol_car,29.84,Chennai,2024-02-13 03:00:00
R00546,petrol_car,29.68,Delhi,2024-09-04 05:34:00
R00547,diesel_car,6.86,Bangalore,2024-07-17 04:24:00
R00548,diesel_car,24.62,Pune,2024-02-26 14:53:00
R00549,petrol_car,12.36,Mumbai,2024-04-09 07:11:00
R00550,electric_bike,17.89,Mumbai,2024-08-21 13:56:00
R00551,petrol_car,17.11,Bangalore,2024-11-06 04:01:00
R00552,bus,5.33,Pune,2024-12-23 17:23:00
R00553,electric_bike,12.63,Bangalore,2024-06-09 06:21:00
R00554,bus,12.8,Mumbai,2024-10-03 09:01:00
R00555,diesel_car,19.95,Bangalore,2024-11-10 20:46:00
R00556,bus,15.42,Mumbai,2024-01-30 03:34:00
R00557,petrol_car,23.54,Pune,2024-11-02 12:06:00
R00558,bus,8.13,Pune,2024-01-14 11:24:00
R00559,bus,29.8,Pune,2024-03-06 08:17:00
R00560,petrol_car,16.55,Delhi,2024-03-27 16:02:00
R00561,electric_bike,24.24,Chennai,2024-11-18 20:39:00
R00562,petrol_car,6.89,Delhi,2024-09-27 03:45:00
R00563,petrol_car,13.34,Mumbai,2024-11-11 12:43:00
R00564,diesel_car,12.66,Delhi,2024-11-14 08:12:00
R00565,electric_bike,22.69,Mumbai,2024-02-23 03:52:00
R00566,petrol_car,10.6,Mumbai,2024-11-22 23:37:00
R00567,electric_bike,21.6,Chennai,2024-10-12 22:07:00
R00568,diesel_car,12.89,Delhi,2024-01-05 12:04:00
R00569,diesel_car,29.8,Chennai,2024-03-18 19:33:00
R00570,petrol_car,24.81,Pune,2024-03-29 04:22:00
R00571,petrol_car,29.63,Bangalore,2024-03-22 03:26:00
R00572,petrol_car,24.31,Mumbai,2024-10-19 22:47:00
R00573,diesel_car,15.37,Mumbai,2024-06-07 12:55:00
R00574,diesel_car,7.0,Chennai,2024-03-31 17:43:00
R00575,diesel_car,26.34,Pune,2024-04-09 10:54:00
R00576,bus,15.9,Pune,2024-10-13 08:14:00
R00577,diesel_car,26.91,Delhi,2024-05-15 15:17:00
R00578,bus,19.24,Chennai,2024-12-26 21:53:00
R00579,electric_bike,13.88,Bangalore,2024-08-14 04:10:00
R00580,electric_bike,11.86,Bangalore,2024-04-26 00:53:00
R00581,electric_bike,15.79,Bangalore,2024-12-04 16:03:00
R00582,petrol_car,9.52,Delhi,2024-03-02 20:32:00
R00583,diesel_car,6.54,Delhi,2024-08-28 06:47:00
R00584,diesel_car,16.45,Delhi,2024-09-04 08:55:00
R00585,petrol_car,10.81,Bangalore,2024-08-22 01:23:00
R00586,electric_bike,8.5,Bangalore,2024-09-27 15:14:00
R00587,petrol_car,19.17,Chennai,2024-03-13 11:27:00
R00588,electric_bike,29.15,Pune,2024-11-21 23:55:00
R00589,bus,15.18,Delhi,2024-08-31 08:41:00
R00590,petrol_car,29.62,Delhi,2024-01-21 19:29:00
R00591,electric_bike,28.75,Chennai,2024-04-07 10:50:00
R00592,electric_bike,7.34,Mumbai,2024-05-30 12:41:00
R00593,electric_bike,25.7,Delhi,2024-07-16 03:31:00
R00594,petrol_car,7.75,Pune,2024-08-06 19:05:00
R00595,diesel_car,19.04,Pune,2024-01-24 08:18:00
R00596,bus,6.82,Mumbai,2024-12-20 18:04:00
R00597,bus,21.72,Chennai,2024-01-23 02:08:00
R00598,petrol_car,6.13,Delhi,2024-09-26 18:22:00
R00599,petrol_car,10.13,Bangalore,2024-06-06 04:33:00
R00600,bus,5.31,Chennai,2024-05-24 09:58:00
R00601,diesel_car,12.52,Mumbai,2024-02-17 21:02:00
R00602,petrol_car,27.22,Chennai,2024-02-14 00:14:00
R00603,petrol_car,10.32,Pune,2024-06-13 11:38:00
R00604,electric_bike,5.24,Mumbai,2024-03-05 19:38:00
R00605,petrol_car,24.69,Pune,2024-12-20 20:09:00
R00606,electric_bike,21.7,Pune,2024-05-11 02:06:00
R00607,petrol_car,13.69,Bangalore,2024-07-13 13:56:00
R00608,electric_bike,27.91,Pune,2024-10-16 02:31:00
R00609,electric_bike,27.11,Pune,2024-04-09 00:54:00
R00610,petrol_car,20.6,Bangalore,2024-04-08 11:02:00
R00611,petrol_car,15.72,Pune,2024-05-22 21:06:00
R00612,electric_bike,26.73,Delhi,2024-01-12 09:05:00
R00613,bus,23.64,Bangalore,2024-06-15 22:58:00
R00614,petrol_car,7.63,Delhi,2024-03-13 22:06:00
R00615,petrol_car,7.2,Delhi,2024-10-24 20:01:00
R00616,diesel_car,6.97,Delhi,2024-05-11 05:46:00
R00617,electric_bike,28.53,Mumbai,2024-07-18 02:30:00
R00618,electric_bike,23.62,Pune,2024-07-15 23:05:00
R00619,bus,16.14,Chennai,2024-08-08 17:31:00
R00620,electric_bike,18.52,Bangalore,2024-01-20 14:53:00
R00621,electric_bike,23.97,Chennai,2024-08-09 12:12:00
R00622,petrol_car,29.27,Bangalore,2024-10-23 09:39:00
R00623,diesel_car,27.71,Bangalore,2024-06-22 18:35:00
R00624,petrol_car,26.39,Pune,2024-04-27 01:03:00
R00625,bus,25.87,Mumbai,2024-05-27 19:53:00
R00626,petrol_car,13.42,Chennai,2024-05-10 11:37:00
R00627,electric_bike,27.02,Bangalore,2024-12-16 16:38:00
R00628,petrol_car,23.17,Pune,2024-05-30 22:51:00
R00629,bus,5.29,Chennai,2024-08-18 09:56:00
R00630,petrol_car,12.12,Pune,2024-10-31 19:33:00
R00631,bus,26.51,Mumbai,2024-10-26 10:32:00
R00632,bus,5.95,Mumbai,2024-02-25 09:56:00
R00633,petrol_car,7.44,Mumbai,2024-11-08 01:39:00
R00634,electric_bike,22.74,Pune,2024-09-28 02:52:00
R00635,diesel_car,13.9,Chennai,2024-09-18 12:37:00
R00636,diesel_car,17.53,Chennai,2024-03-26 19:17:00
R00637,electric_bike,16.0,Delhi,2024-07-19 06:11:00
R00638,electric_bike,11.17,Bangalore,2024-06-13 18:50:00
R00639,bus,8.19,Pune,2024-10-09 14:52:00
R00640,petrol_car,11.95,Chennai,2024-06-16 07:37:00
R00641,petrol_car,19.25,Delhi,2024-04-14 14:53:00
R00642,petrol_car,5.45,Pune,2024-04-29 23:03:00
R00643,diesel_car,21.08,Mumbai,2024-05-01 12:37:00
R00644,diesel_car,6.24,Delhi,2024-05-12 00:52:00
R00645,diesel_car,20.6,Delhi,2024-11-19 03:38:00
R00646,electric_bike,29.0,Delhi,2024-06-08 15:00:00
R00647,electric_bike,15.69,Bangalore,2024-05-31 21:31:00
R00648,bus,20.7,Delhi,2024-03-12 13:43:00
R00649,diesel_car,11.66,Delhi,2024-10-27 06:51:00
R00650,petrol_car,21.16,Mumbai,2024-08-22 12:41:00
R00651,petrol_car,7.08,Pune,2024-11-15 04:32:00
R00652,bus,22.43,Delhi,2024-12-27 04:07:00
R00653,electric_bike,13.38,Mumbai,2024-07-07 11:35:00
R00654,electric_bike,24.67,Pune,2024-04-12 08:11:00
R00655,petrol_car,10.58,Delhi,2024-11-18 04:07:00
R00656,petrol_car,7.72,Pune,2024-07-21 08:55:00
R00657,electric_bike,5.69,Pune,2024-07-18 17:25:00
R00658,diesel_car,26.74,Bangalore,2024-08-28 15:49:00
R00659,diesel_car,18.27,Bangalore,2024-07-30 16:40:00
R00660,petrol_car,21.96,Chennai,2024-11-04 16:57:00
R00661,bus,21.78,Mumbai,2024-10-14 03:45:00
R00662,petrol_car,13.68,Pune,2024-03-05 01:39:00
R00663,bus,29.95,Chennai,2024-04-27 08:50:00
R00664,electric_bike,26.52,Mumbai,2024-07-30 15:53:00
R00665,diesel_car,5.3,Bangalore,2024-04-03 16:07:00
R00666,petrol_car,17.9,Bangalore,2024-05-28 19:00:00
R00667,diesel_car,18.04,Pune,2024-04-20 09:58:00
R00668,diesel_car,24.66,Pune,2024-11-06 03:54:00
R00669,diesel_car,28.88,Bangalore,2024-06-23 12:07:00
R00670,diesel_car,5.61,Pune,2024-05-07 00:53:00
R00671,petrol_car,24.91,Bangalore,2024-07-09 06:55:00
R00672,diesel_car,12.39,Bangalore,2024-10-16 16:04:00
R00673,diesel_car,13.59,Pune,2024-10-12 05:20:00
R00674,bus,28.58,Delhi,2024-06-19 16:09:00
R00675,bus,28.41,Mumbai,2024-08-27 17:19:00
R00676,petrol_car,19.48,Mumbai,2024-05-07 00:46:00
R00677,electric_bike,21.51,Bangalore,2024-08-01 12:06:00
R00678,diesel_car,12.36,Mumbai,2024-02-22 11:05:00
R00679,diesel_car,14.59,Pune,2024-07-22 20:31:00
R00680,petrol_car,28.11,Mumbai,2024-01-18 21:31:00
R00681,diesel_car,18.41,Mumbai,2024-10-13 20:36:00
R00682,diesel_car,29.67,Mumbai,2024-09-06 09:14:00
R00683,petrol_car,15.35,Pune,2024-02-29 06:29:00
R00684,diesel_car,24.79,Pune,2024-07-26 00:29:00
R00685,electric_bike,11.75,Mumbai,2024-11-23 10:13:00
R00686,bus,25.64,Pune,2024-01-09 12:40:00
R00687,diesel_car,18.02,Delhi,2024-09-14 01:47:00
R00688,petrol_car,7.81,Delhi,2024-11-24 07:23:00
R00689,electric_bike,19.2,Chennai,2024-11-06 01:33:00
R00690,electric_bike,28.08,Pune,2024-06-24 08:02:00
R00691,diesel_car,26.22,Bangalore,2024-07-21 05:26:00
R00692,bus,15.56,Chennai,2024-11-04 02:56:00
R00693,bus,27.03,Bangalore,2024-12-04 09:38:00
R00694,diesel_car,25.07,Chennai,2024-08-10 05:05:00
R00695,bus,9.35,Pune,2024-12-23 13:12:00
R00696,electric_bike,10.71,Delhi,2024-01-29 18:48:00
R00697,petrol_car,24.6,Bangalore,2024-03-12 06:34:00
R00698,electric_bike,24.2,Bangalore,2024-05-15 08:53:00
R00699,electric_bike,27.84,Pune,2024-12-05 18:10:00
R00700,electric_bike,18.92,Chennai,2024-07-08 01:52:00
R00701,electric_bike,17.45,Bangalore,2024-06-19 14:40:00
R00702,bus,8.17,Delhi,2024-07-01 17:14:00
R00703,diesel_car,11.7,Chennai,2024-01-22 05:48:00
R00704,petrol_car,17.89,Bangalore,2024-04-01 23:07:00
R00705,electric_bike,16.37,Pune,2024-10-02 16:14:00
R00706,electric_bike,16.83,Chennai,2024-11-20 19:00:00
R00707,electric_bike,23.15,Bangalore,2024-10-20 03:47:00
R00708,bus,19.77,Mumbai,2024-11-10 00:40:00
R00709,petrol_car,16.68,Chennai,2024-06-11 18:54:00
R00710,bus,15.21,Bangalore,2024-05-23 19:54:00
R00711,electric_bike,7.22,Pune,2024-05-21 05:48:00
R00712,bus,6.72,Mumbai,2024-12-18 02:18:00
R00713,petrol_car,9.91,Bangalore,2024-12-29 08:48:00
R00714,electric_bike,7.98,Chennai,2024-05-20 00:18:00
R00715,bus,19.74,Bangalore,2024-08-08 07:20:00
R00716,electric_bike,6.21,Pune,2024-04-08 19:21:00
R00717,petrol_car,8.22,Chennai,2024-07-20 14:38:00
R00718,diesel_car,24.77,Delhi,2024-02-22 19:34:00
R00719,diesel_car,24.56,Delhi,2024-11-06 14:17:00
R00720,diesel_car,6.86,Delhi,2024-11-23 19:26:00
R00721,diesel_car,11.95,Pune,2024-07-24 05:30:00
R00722,petrol_car,15.6,Pune,2024-06-20 15:35:00
R00723,diesel_car,24.95,Chennai,2024-12-25 11:45:00
R00724,diesel_car,23.07,Bangalore,2024-08-15 02:48:00
R00725,diesel_car,7.7,Pune,2024-12-11 12:56:00
R00726,diesel_car,17.82,Delhi,2024-02-05 09:52:00
R00727,electric_bike,8.99,Pune,2024-10-24 11:25:00
R00728,petrol_car,28.3,Pune,2024-02-09 14:05:00
R00729,electric_bike,9.48,Delhi,2024-05-01 20:57:00
R00730,petrol_car,22.21,Bangalore,2024-03-04 05:00:00
R00731,diesel_car,25.65,Mumbai,2024-01-11 17:12:00
R00732,diesel_car,27.1,Pune,2024-08-13 08:08:00
R00733,bus,9.9,Bangalore,2024-01-05 18:19:00
R00734,diesel_car,5.94,Pune,2024-11-20 16:27:00
R00735,electric_bike,21.42,Bangalore,2024-03-17 13:03:00
R00736,diesel_car,9.42,Bangalore,2024-03-02 09:31:00
R00737,bus,8.93,Bangalore,2024-08-12 04:39:00
R00738,electric_bike,8.69,Pune,2024-09-05 10:48:00
R00739,diesel_car,19.86,Mumbai,2024-10-16 19:56:00
R00740,bus,6.56,Chennai,2024-03-09 20:03:00
R00741,electric_bike,17.06,Pune,2024-02-21 16:27:00
R00742,electric_bike,11.46,Chennai,2024-12-19 18:28:00
R00743,petrol_car,16.15,Bangalore,2024-04-25 11:06:00
R00744,petrol_car,13.12,Bangalore,2024-09-10 23:48:00
R00745,bus,19.46,Delhi,2024-10-27 02:17:00
R00746,petrol_car,23.25,Delhi,2024-09-09 05:33:00
R00747,diesel_car,29.06,Bangalore,2024-04-10 21:25:00
R00748,electric_bike,28.16,Chennai,2024-01-17 22:31:00
R00749,diesel_car,23.51,Mumbai,2024-05-14 18:20:00
R00750,bus,14.06,Mumbai,2024-04-16 11:38:00
R00751,electric_bike,26.93,Bangalore,2024-10-20 14:26:00
R00752,diesel_car,29.47,Chennai,2024-11-14 08:36:00
R00753,electric_bike,11.58,Chennai,2024-07-21 23:27:00
R00754,bus,14.47,Bangalore,2024-02-23 06:50:00
R00755,bus,25.53,Delhi,2024-05-26 09:08:00
R00756,bus,6.34,Chennai,2024-01-09 11:45:00
R00757,diesel_car,11.75,Chennai,2024-07-03 08:54:00
R00758,electric_bike,17.51,Delhi,2024-08-29 13:47:00
R00759,electric_bike,27.57,Chennai,2024-02-03 15:27:00
R00760,bus,27.42,Bangalore,2024-06-24 12:34:00
R00761,bus,16.73,Pune,2024-06-26 12:36:00
R00762,petrol_car,15.13,Chennai,2024-11-04 11:39:00
R00763,diesel_car,5.95,Mumbai,2024-07-01 11:43:00
R00764,electric_bike,22.29,Bangalore,2024-12-06 04:07:00
R00765,bus,21.86,Pune,2024-08-25 04:53:00
R00766,petrol_car,19.56,Bangalore,2024-02-12 00:29:00
R00767,electric_bike,28.61,Mumbai,2024-07-02 11:49:00
R00768,bus,8.7,Mumbai,2024-06-08 12:46:00
R00769,electric_bike,17.76,Delhi,2024-09-03 14:49:00
R00770,electric_bike,27.64,Mumbai,2024-11-05 01:10:00
R00771,bus,5.94,Mumbai,2024-06-10 00:50:00
R00772,diesel_car,26.32,Bangalore,2024-06-27 11:37:00
R00773,electric_bike,15.66,Delhi,2024-02-11 19:43:00
R00774,diesel_car,7.92,Mumbai,2024-01-27 11:12:00
R00775,petrol_car,26.03,Delhi,2024-01-19 10:15:00
R00776,electric_bike,23.06,Delhi,2024-06-11 17:37:00
R00777,bus,18.5,Chennai,2024-11-13 10:48:00
R00778,diesel_car,17.58,Bangalore,2024-07-26 14:33:00
R00779,petrol_car,10.24,Delhi,2024-04-28 19:35:00
R00780,bus,7.14,Mumbai,2024-03-04 00:12:00
R00781,electric_bike,19.57,Pune,2024-01-07 05:50:00
R00782,bus,12.8,Mumbai,2024-12-07 00:44:00
R00783,bus,7.81,Pune,2024-01-15 10:46:00
R00784,diesel_car,10.6,Delhi,2024-07-03 20:41:00
R00785,electric_bike,15.55,Bangalore,2024-08-16 20:16:00
R00786,bus,20.38,Mumbai,2024-09-08 20:14:00
R00787,diesel_car,21.36,Delhi,2024-08-28 23:26:00
R00788,electric_bike,9.68,Mumbai,2024-04-08 21:26:00
R00789,bus,12.92,Chennai,2024-12-13 13:27:00
R00790,electric_bike,10.3,Chennai,2024-02-24 08:38:00
R00791,diesel_car,7.7,Delhi,2024-07-17 09:47:00
R00792,electric_bike,16.83,Pune,2024-01-22 00:52:00
R00793,petrol_car,12.63,Mumbai,2024-12-28 18:58:00
R00794,bus,25.25,Bangalore,2024-07-13 14:24:00
R00795,petrol_car,17.1,Mumbai,2024-06-08 17:50:00
R00796,diesel_car,15.16,Chennai,2024-03-03 05:06:00
R00797,diesel_car,7.01,Pune,2024-03-06 19:57:00
R00798,petrol_car,5.72,Mumbai,2024-08-14 18:18:00
R00799,petrol_car,13.23,Mumbai,2024-05-27 09:10:00
R00800,petrol_car,19.83,Chennai,2024-10-18 18:53:00
R00801,diesel_car,29.0,Mumbai,2024-10-26 07:20:00
R00802,electric_bike,20.99,Bangalore,2024-07-25 22:31:00
R00803,petrol_car,16.8,Mumbai,2024-06-27 14:19:00
R00804,electric_bike,23.2,Mumbai,2024-11-24 22:22:00
R00805,electric_bike,25.64,Chennai,2024-07-01 05:22:00
R00806,electric_bike,6.17,Bangalore,2024-05-26 12:12:00
R00807,electric_bike,10.33,Mumbai,2024-09-04 04:38:00
R00808,bus,26.7,Chennai,2024-10-20 05:11:00
R00809,bus,22.92,Pune,2024-09-02 13:58:00
R00810,bus,12.57,Delhi,2024-08-02 10:33:00
R00811,bus,14.03,Chennai,2024-07-19 22:32:00
R00812,diesel_car,9.41,Delhi,2024-08-14 04:55:00
R00813,electric_bike,12.45,Delhi,2024-09-13 02:53:00
R00814,electric_bike,28.39,Bangalore,2024-08-18 00:57:00
R00815,bus,28.98,Mumbai,2024-08-22 06:27:00
R00816,bus,18.59,Mumbai,2024-09-30 01:45:00
R00817,bus,11.07,Delhi,2024-05-16 20:01:00
R00818,electric_bike,8.34,Bangalore,2024-05-28 07:08:00
R00819,electric_bike,29.37,Delhi,2024-10-27 17:22:00
R00820,bus,25.02,Chennai,2024-10-11 16:34:00
R00821,petrol_car,24.1,Pune,2024-11-05 07:25:00
R00822,petrol_car,11.52,Pune,2024-02-19 08:12:00
R00823,diesel_car,16.52,Pune,2024-04-15 03:50:00
R00824,diesel_car,24.31,Mumbai,2024-11-15 15:01:00
R00825,diesel_car,6.62,Pune,2024-11-01 04:20:00
R00826,electric_bike,25.88,Pune,2024-05-29 08:24:00
R00827,electric_bike,21.41,Chennai,2024-05-22 13:43:00
R00828,petrol_car,13.41,Pune,2024-02-05 20:36:00
R00829,petrol_car,24.59,Delhi,2024-07-29 00:35:00
R00830,electric_bike,21.73,Chennai,2024-07-31 07:16:00
R00831,diesel_car,8.1,Chennai,2024-02-03 21:26:00
R00832,electric_bike,14.91,Mumbai,2024-07-08 11:19:00
R00833,petrol_car,17.6,Pune,2024-12-14 20:59:00
R00834,electric_bike,12.04,Pune,2024-05-06 19:23:00
R00835,bus,28.94,Pune,2024-06-22 15:12:00
R00836,bus,22.11,Delhi,2024-03-14 16:30:00
R00837,diesel_car,26.94,Pune,2024-07-14 15:00:00
R00838,petrol_car,20.31,Mumbai,2024-07-26 17:56:00
R00839,petrol_car,9.31,Bangalore,2024-04-12 05:53:00
R00840,diesel_car,21.02,Chennai,2024-05-10 03:52:00
R00841,petrol_car,14.29,Chennai,2024-03-22 12:01:00
R00842,electric_bike,29.05,Chennai,2024-05-11 02:42:00
R00843,petrol_car,6.31,Chennai,2024-12-26 13:45:00
R00844,petrol_car,12.74,Pune,2024-07-28 07:31:00
R00845,bus,26.86,Pune,2024-08-14 21:28:00
R00846,diesel_car,23.79,Pune,2024-02-09 03:33:00
R00847,petrol_car,19.14,Delhi,2024-04-28 11:36:00
R00848,diesel_car,20.24,Mumbai,2024-06-12 17:37:00
R00849,petrol_car,28.37,Chennai,2024-11-29 19:33:00
R00850,petrol_car,26.49,Pune,2024-08-14 10:30:00
R00851,bus,9.74,Mumbai,2024-09-24 08:37:00
R00852,bus,19.6,Delhi,2024-10-10 12:03:00
R00853,diesel_car,18.66,Delhi,2024-10-12 05:11:00
R00854,electric_bike,24.16,Delhi,2024-03-18 08:22:00
R00855,bus,12.98,Bangalore,2024-02-23 18:14:00
R00856,bus,18.48,Delhi,2024-04-22 01:44:00
R00857,petrol_car,20.38,Pune,2024-02-04 06:07:00
R00858,petrol_car,29.24,Delhi,2024-03-06 02:03:00
R00859,diesel_car,7.54,Pune,2024-09-17 07:32:00
R00860,petrol_car,10.63,Chennai,2024-10-27 23:29:00
R00861,petrol_car,10.43,Chennai,2024-03-03 13:16:00
R00862,electric_bike,10.05,Pune,2024-12-11 15:27:00
R00863,bus,9.82,Pune,2024-01-15 19:55:00
R00864,electric_bike,8.47,Bangalore,2024-09-11 12:40:00
R00865,petrol_car,29.04,Chennai,2024-08-24 19:38:00
R00866,diesel_car,25.02,Mumbai,2024-12-04 00:30:00
R00867,bus,5.0,Delhi,2024-09-21 18:14:00
R00868,electric_bike,14.66,Pune,2024-05-04 00:47:00
R00869,bus,16.86,Mumbai,2024-01-30 16:57:00
R00870,petrol_car,11.47,Bangalore,2024-09-06 13:14:00
R00871,bus,8.01,Bangalore,2024-03-23 08:01:00
R00872,electric_bike,22.26,Chennai,2024-06-16 17:58:00
R00873,bus,16.02,Pune,2024-05-17 12:24:00
R00874,electric_bike,27.04,Chennai,2024-08-19 14:56:00
R00875,bus,5.3,Mumbai,2024-03-20 20:35:00
R00876,diesel_car,9.28,Bangalore,2024-12-11 19:12:00
R00877,electric_bike,19.97,Chennai,2024-10-31 15:36:00
R00878,bus,10.86,Chennai,2024-03-04 02:33:00
R00879,bus,5.31,Chennai,2024-06-11 09:11:00
R00880,petrol_car,23.52,Mumbai,2024-10-17 22:04:00
R00881,electric_bike,7.34,Pune,2024-04-20 06:47:00
R00882,diesel_car,24.57,Bangalore,2024-02-09 01:10:00
R00883,diesel_car,12.66,Delhi,2024-11-22 07:44:00
R00884,petrol_car,13.38,Pune,2024-05-25 07:45:00
R00885,petrol_car,29.82,Delhi,2024-03-10 01:48:00
R00886,petrol_car,25.78,Delhi,2024-03-08 02:32:00
R00887,bus,21.45,Delhi,2024-04-23 20:24:00
R00888,petrol_car,28.44,Bangalore,2024-08-05 22:42:00
R00889,diesel_car,16.61,Bangalore,2024-04-04 19:18:00
R00890,diesel_car,25.64,Delhi,2024-10-01 22:16:00
R00891,electric_bike,29.87,Pune,2024-11-23 22:00:00
R00892,diesel_car,11.65,Bangalore,2024-08-26 21:27:00
R00893,bus,24.25,Mumbai,2024-10-31 04:25:00
R00894,electric_bike,29.2,Bangalore,2024-09-25 07:48:00
R00895,bus,13.04,Pune,2024-12-09 10:51:00
R00896,diesel_car,27.11,Mumbai,2024-07-16 04:22:00
R00897,diesel_car,26.44,Pune,2024-05-17 15:20:00
R00898,electric_bike,23.17,Chennai,2024-09-12 14:56:00
R00899,petrol_car,23.44,Bangalore,2024-09-05 22:18:00
R00900,electric_bike,20.84,Delhi,2024-11-01 15:21:00
R00901,petrol_car,15.06,Chennai,2024-09-02 17:56:00
R00902,diesel_car,12.7,Mumbai,2024-05-11 22:00:00
R00903,bus,12.64,Bangalore,2024-05-21 01:47:00
R00904,petrol_car,18.62,Bangalore,2024-09-29 05:24:00
R00905,electric_bike,7.26,Pune,2024-10-14 19:18:00
R00906,electric_bike,6.07,Mumbai,2024-08-07 23:57:00
R00907,petrol_car,26.48,Delhi,2024-09-21 10:58:00
R00908,bus,15.56,Pune,2024-03-03 07:49:00
R00909,electric_bike,7.08,Mumbai,2024-04-07 17:42:00
R00910,bus,15.42,Bangalore,2024-01-08 22:26:00
R00911,petrol_car,15.01,Bangalore,2024-07-30 16:05:00
R00912,electric_bike,18.28,Bangalore,2024-02-06 13:02:00
R00913,bus,17.76,Delhi,2024-07-25 16:26:00
R00914,bus,11.09,Bangalore,2024-07-07 02:59:00
R00915,electric_bike,29.44,Bangalore,2024-11-25 14:51:00
R00916,electric_bike,17.45,Mumbai,2024-08-30 01:12:00
R00917,electric_bike,10.54,Bangalore,2024-04-04 09:29:00
R00918,petrol_car,18.56,Chennai,2024-11-25 08:08:00
R00919,diesel_car,6.32,Delhi,2024-12-03 20:33:00
R00920,diesel_car,5.19,Delhi,2024-11-24 14:48:00
R00921,electric_bike,9.73,Delhi,2024-08-01 17:57:00
R00922,bus,12.87,Pune,2024-09-08 02:39:00
R00923,petrol_car,7.88,Mumbai,2024-07-22 08:11:00
R00924,bus,15.43,Bangalore,2024-01-09 13:24:00
R00925,bus,12.51,Chennai,2024-07-31 23:54:00
R00926,electric_bike,15.34,Chennai,2024-01-14 02:23:00
R00927,diesel_car,27.19,Delhi,2024-08-15 11:52:00
R00928,electric_bike,24.19,Mumbai,2024-02-28 11:49:00
R00929,electric_bike,13.75,Chennai,2024-11-16 04:54:00
R00930,bus,20.61,Pune,2024-12-21 13:29:00
R00931,electric_bike,14.63,Mumbai,2024-11-01 19:38:00
R00932,bus,19.34,Delhi,2024-01-31 08:26:00
R00933,bus,14.75,Bangalore,2024-05-27 19:01:00
R00934,electric_bike,26.45,Pune,2024-08-14 03:55:00
R00935,bus,12.26,Chennai,2024-05-31 00:43:00
R00936,diesel_car,27.1,Mumbai,2024-02-09 18:41:00
R00937,diesel_car,12.62,Mumbai,2024-03-28 11:33:00
R00938,diesel_car,26.45,Pune,2024-03-23 22:03:00
R00939,electric_bike,17.75,Chennai,2024-07-01 07:44:00
R00940,petrol_car,5.08,Mumbai,2024-05-11 00:31:00
R00941,electric_bike,16.22,Mumbai,2024-04-28 18:17:00
R00942,bus,10.81,Chennai,2024-07-01 14:33:00
R00943,diesel_car,29.46,Delhi,2024-10-04 11:51:00
R00944,diesel_car,12.7,Pune,2024-04-27 14:16:00
R00945,petrol_car,16.8,Bangalore,2024-04-28 01:36:00
R00946,bus,24.04,Pune,2024-05-15 10:02:00
R00947,diesel_car,8.03,Mumbai,2024-10-15 18:07:00
R00948,diesel_car,25.17,Pune,2024-06-03 02:04:00
R00949,diesel_car,24.54,Pune,2024-03-22 21:49:00
R00950,bus,27.7,Chennai,2024-04-18 04:47:00
R00951,diesel_car,13.86,Bangalore,2024-12-01 21:32:00
R00952,bus,16.85,Pune,2024-05-17 17:32:00
R00953,petrol_car,20.58,Bangalore,2024-04-16 01:54:00
R00954,diesel_car,10.39,Bangalore,2024-07-27 01:40:00
R00955,electric_bike,28.74,Pune,2024-11-20 15:20:00
R00956,diesel_car,18.2,Chennai,2024-05-18 20:59:00
R00957,electric_bike,22.46,Chennai,2024-03-04 05:44:00
R00958,petrol_car,8.11,Mumbai,2024-04-02 04:54:00
R00959,diesel_car,11.09,Pune,2024-09-16 01:20:00
R00960,diesel_car,7.49,Delhi,2024-09-15 20:42:00
R00961,bus,26.66,Chennai,2024-05-14 19:16:00
R00962,petrol_car,19.07,Pune,2024-06-18 17:54:00
R00963,bus,19.86,Bangalore,2024-04-08 09:06:00
R00964,bus,8.61,Pune,2024-03-20 22:59:00
R00965,bus,19.89,Pune,2024-02-27 07:58:00
R00966,electric_bike,27.2,Bangalore,2024-06-17 10:23:00
R00967,petrol_car,22.56,Delhi,2024-12-10 22:12:00
R00968,electric_bike,10.2,Delhi,2024-07-16 16:43:00
R00969,bus,13.41,Mumbai,2024-01-19 19:18:00
R00970,diesel_car,10.56,Chennai,2024-10-28 09:41:00
R00971,electric_bike,24.15,Pune,2024-01-24 23:34:00
R00972,petrol_car,10.61,Pune,2024-03-07 16:23:00
R00973,bus,11.83,Chennai,2024-02-17 19:06:00
R00974,bus,26.43,Delhi,2024-02-14 04:53:00
R00975,electric_bike,21.25,Chennai,2024-10-18 15:17:00
R00976,bus,7.19,Mumbai,2024-01-11 16:10:00
R00977,electric_bike,19.96,Mumbai,2024-03-12 20:42:00
R00978,electric_bike,25.55,Bangalore,2024-09-24 16:57:00
R00979,petrol_car,27.12,Delhi,2024-12-03 15:29:00
R00980,electric_bike,15.39,Chennai,2024-08-02 02:40:00
R00981,diesel_car,7.89,Chennai,2024-01-16 20:22:00
R00982,petrol_car,21.86,Mumbai,2024-07-25 08:52:00
R00983,bus,21.66,Delhi,2024-11-30 11:31:00
R00984,petrol_car,12.62,Chennai,2024-01-25 20:13:00
R00985,diesel_car,17.11,Bangalore,2024-03-07 10:31:00
R00986,petrol_car,28.03,Delhi,2024-09-07 03:34:00
R00987,diesel_car,26.47,Delhi,2024-07-23 00:39:00
R00988,bus,6.83,Mumbai,2024-12-13 15:30:00
R00989,bus,5.09,Pune,2024-09-13 00:55:00
R00990,bus,14.83,Mumbai,2024-02-14 23:08:00
R00991,electric_bike,7.03,Bangalore,2024-03-27 22:23:00
R00992,electric_bike,16.6,Chennai,2024-05-08 12:45:00
R00993,electric_bike,29.48,Pune,2024-12-04 20:19:00
R00994,bus,21.98,Pune,2024-11-21 21:17:00
R00995,petrol_car,23.17,Bangalore,2024-06-25 14:00:00
R00996,petrol_car,12.06,Chennai,2024-10-14 19:14:00
R00997,petrol_car,22.24,Pune,2024-10-13 21:54:00
R00998,diesel_car,11.1,Mumbai,2024-06-07 11:00:00
R00999,petrol_car,7.56,Bangalore,2024-07-30 15:21:00
R01000,electric_bike,5.69,Bangalore,2024-02-12 17:06:00
